<?xml version="1.0" encoding="UTF-8"?>
<project-private xmlns="http://www.netbeans.org/ns/project-private/1">
    <editor-bookmarks xmlns="http://www.netbeans.org/ns/editor-bookmarks/2" lastBookmarkId="0"/>
    <open-files xmlns="http://www.netbeans.org/ns/projectui-open-files/2">
        <group>
            <file>file:/C:/Users/Rosina/Documents/NetBeansProjects/ShopALotEJBModule/src/java/za/ac/tut/bl/ShopALotFacadeLocal.java</file>
            <file>file:/C:/Users/Rosina/Documents/NetBeansProjects/ShopALotEJBModule/src/java/za/ac/tut/bl/ShopALotFacade.java</file>
            <file>file:/C:/Users/Rosina/Documents/NetBeansProjects/ShopALotEJBModule/src/java/za/ac/tut/entities/ShopALot.java</file>
            <file>file:/C:/Users/Rosina/Documents/NetBeansProjects/ShopALotEJBModule/src/java/za/ac/tut/bl/AbstractFacade.java</file>
        </group>
    </open-files>
</project-private>
